mean_fit_time,std_fit_time,mean_score_time,std_score_time,param_estimator__model__optimizer,param_estimator__model__numnodes,param_estimator__model__numlayer,param_estimator__model__dropout_val_in,param_estimator__model__dropout_val_h,param_estimator__model__dropout,param_estimator__model__batchnorm,param_estimator__model__activations,params,split0_test_score,split1_test_score,split2_test_score,mean_test_score,std_test_score,rank_test_score
6.194961071014404,0.36702372915654197,0.17732938130696616,0.018727416908076912,sgd,16,1,0.0,0.5,no,yes,tanh,"{'estimator__model__optimizer': 'sgd', 'estimator__model__numnodes': 16, 'estimator__model__numlayer': 1, 'estimator__model__dropout_val_in': 0, 'estimator__model__dropout_val_h': 0.5, 'estimator__model__dropout': 'no', 'estimator__model__batchnorm': 'yes', 'estimator__model__activations': 'tanh'}",0.7612903225806451,0.8494623655913979,0.8211920529801324,0.8106482470507252,0.03676008863591293,42
6.503170490264893,0.39614989752265,0.22641189893086752,0.007058725765400746,adam,64,3,0.2,0.5,yes,yes,tanh,"{'estimator__model__optimizer': 'adam', 'estimator__model__numnodes': 64, 'estimator__model__numlayer': 3, 'estimator__model__dropout_val_in': 0.2, 'estimator__model__dropout_val_h': 0.5, 'estimator__model__dropout': 'yes', 'estimator__model__batchnorm': 'yes', 'estimator__model__activations': 'tanh'}",0.7721518987341772,0.8314606741573034,0.8079470198675497,0.8038531975863434,0.024385135447648972,66
7.731887340545654,0.6431074984261295,0.23294289906819662,0.02238957313803981,adam,16,3,0.2,0.5,no,yes,relu,"{'estimator__model__optimizer': 'adam', 'estimator__model__numnodes': 16, 'estimator__model__numlayer': 3, 'estimator__model__dropout_val_in': 0.2, 'estimator__model__dropout_val_h': 0.5, 'estimator__model__dropout': 'no', 'estimator__model__batchnorm': 'yes', 'estimator__model__activations': 'relu'}",0.7431693989071039,0.7650273224043715,0.7916666666666666,0.7666211293260473,0.019830975945279272,96
8.136165380477905,1.0489865946455175,0.2735355695088704,0.008368542518747777,sgd,64,3,0.0,0.5,no,yes,tanh,"{'estimator__model__optimizer': 'sgd', 'estimator__model__numnodes': 64, 'estimator__model__numlayer': 3, 'estimator__model__dropout_val_in': 0, 'estimator__model__dropout_val_h': 0.5, 'estimator__model__dropout': 'no', 'estimator__model__batchnorm': 'yes', 'estimator__model__activations': 'tanh'}",0.7297297297297297,0.8295454545454546,0.8227848101265823,0.7940199981339222,0.04554379238236492,83
8.486143747965494,0.1726819657385454,0.1818075180053711,0.01575945358713343,adam,64,1,0.2,0.5,yes,yes,relu,"{'estimator__model__optimizer': 'adam', 'estimator__model__numnodes': 64, 'estimator__model__numlayer': 1, 'estimator__model__dropout_val_in': 0.2, 'estimator__model__dropout_val_h': 0.5, 'estimator__model__dropout': 'yes', 'estimator__model__batchnorm': 'yes', 'estimator__model__activations': 'relu'}",0.7891156462585034,0.875,0.8,0.8213718820861677,0.03818026158743481,21
7.807799021402995,0.8754170478663708,0.16480310757954916,0.016617971016560314,adam,32,1,0.2,0.5,yes,yes,relu,"{'estimator__model__optimizer': 'adam', 'estimator__model__numnodes': 32, 'estimator__model__numlayer': 1, 'estimator__model__dropout_val_in': 0.2, 'estimator__model__dropout_val_h': 0.5, 'estimator__model__dropout': 'yes', 'estimator__model__batchnorm': 'yes', 'estimator__model__activations': 'relu'}",0.7785234899328859,0.8888888888888888,0.8079470198675497,0.8251197995631081,0.046664108931337246,13
5.932864665985107,0.7148203490944296,0.15861972173055014,0.0147206021770585,sgd,32,1,0.0,0.3,no,yes,tanh,"{'estimator__model__optimizer': 'sgd', 'estimator__model__numnodes': 32, 'estimator__model__numlayer': 1, 'estimator__model__dropout_val_in': 0, 'estimator__model__dropout_val_h': 0.3, 'estimator__model__dropout': 'no', 'estimator__model__batchnorm': 'yes', 'estimator__model__activations': 'tanh'}",0.8072289156626506,0.8494623655913979,0.8235294117647058,0.8267402310062515,0.017390573948213237,9
13.314707040786743,0.7205033523015044,0.15315985679626465,0.018034846628909675,sgd,16,2,0.2,0.4,yes,no,relu,"{'estimator__model__optimizer': 'sgd', 'estimator__model__numnodes': 16, 'estimator__model__numlayer': 2, 'estimator__model__dropout_val_in': 0.2, 'estimator__model__dropout_val_h': 0.4, 'estimator__model__dropout': 'yes', 'estimator__model__batchnorm': 'no', 'estimator__model__activations': 'relu'}",0.7814569536423841,0.813953488372093,0.7724137931034483,0.7892747450393086,0.017836759188023955,86
11.711005131403605,0.8483987712992497,0.15355769793192545,0.0017377274649195806,sgd,16,3,0.2,0.3,no,no,relu,"{'estimator__model__optimizer': 'sgd', 'estimator__model__numnodes': 16, 'estimator__model__numlayer': 3, 'estimator__model__dropout_val_in': 0.2, 'estimator__model__dropout_val_h': 0.3, 'estimator__model__dropout': 'no', 'estimator__model__batchnorm': 'no', 'estimator__model__activations': 'relu'}",0.8289473684210527,0.8306010928961749,0.8157894736842105,0.8251126450004794,0.006626957255748583,14
10.274052063624064,0.4011842006285352,0.23624920845031738,0.01293218100761303,adam,32,3,0.0,0.4,yes,yes,relu,"{'estimator__model__optimizer': 'adam', 'estimator__model__numnodes': 32, 'estimator__model__numlayer': 3, 'estimator__model__dropout_val_in': 0, 'estimator__model__dropout_val_h': 0.4, 'estimator__model__dropout': 'yes', 'estimator__model__batchnorm': 'yes', 'estimator__model__activations': 'relu'}",0.783625730994152,0.8494623655913979,0.7843137254901961,0.805800607358582,0.03087480292074533,62
6.034893115361531,0.6035259851919982,0.18954801559448242,0.01678627241862286,sgd,32,2,0.2,0.4,no,yes,tanh,"{'estimator__model__optimizer': 'sgd', 'estimator__model__numnodes': 32, 'estimator__model__numlayer': 2, 'estimator__model__dropout_val_in': 0.2, 'estimator__model__dropout_val_h': 0.4, 'estimator__model__dropout': 'no', 'estimator__model__batchnorm': 'yes', 'estimator__model__activations': 'tanh'}",0.7692307692307693,0.8723404255319149,0.8129032258064516,0.8181581401897119,0.04225802408629351,28
6.747548341751099,0.20857346567264096,0.1796271006266276,0.02359160830491481,adam,64,1,0.0,0.3,no,yes,tanh,"{'estimator__model__optimizer': 'adam', 'estimator__model__numnodes': 64, 'estimator__model__numlayer': 1, 'estimator__model__dropout_val_in': 0, 'estimator__model__dropout_val_h': 0.3, 'estimator__model__dropout': 'no', 'estimator__model__batchnorm': 'yes', 'estimator__model__activations': 'tanh'}",0.6976744186046512,0.8242424242424242,0.8027210884353742,0.7748793104274831,0.055294595665769164,92
6.235586166381836,0.8800420498616314,0.13671541213989258,0.013825961823416657,adam,64,1,0.2,0.5,yes,no,relu,"{'estimator__model__optimizer': 'adam', 'estimator__model__numnodes': 64, 'estimator__model__numlayer': 1, 'estimator__model__dropout_val_in': 0.2, 'estimator__model__dropout_val_h': 0.5, 'estimator__model__dropout': 'yes', 'estimator__model__batchnorm': 'no', 'estimator__model__activations': 'relu'}",0.7785234899328859,0.8457142857142858,0.7945205479452054,0.8062527745307925,0.028657571598981305,59
6.099501212437947,0.980769603062101,0.19798866907755533,0.019497831674440854,adam,32,2,0.0,0.3,no,yes,tanh,"{'estimator__model__optimizer': 'adam', 'estimator__model__numnodes': 32, 'estimator__model__numlayer': 2, 'estimator__model__dropout_val_in': 0, 'estimator__model__dropout_val_h': 0.3, 'estimator__model__dropout': 'no', 'estimator__model__batchnorm': 'yes', 'estimator__model__activations': 'tanh'}",0.7412587412587412,0.8023952095808383,0.8104575163398693,0.7847038223931495,0.030896132483432006,87
5.2628763516743975,0.3359394078441471,0.13947375615437826,0.015831482740795107,adam,32,1,0.2,0.5,no,no,relu,"{'estimator__model__optimizer': 'adam', 'estimator__model__numnodes': 32, 'estimator__model__numlayer': 1, 'estimator__model__dropout_val_in': 0.2, 'estimator__model__dropout_val_h': 0.5, 'estimator__model__dropout': 'no', 'estimator__model__batchnorm': 'no', 'estimator__model__activations': 'relu'}",0.7763157894736842,0.8333333333333334,0.8,0.8032163742690059,0.023388157609147652,68
6.30741826693217,0.561492667895652,0.18790809313456217,0.008799937177923467,sgd,16,2,0.0,0.3,no,yes,tanh,"{'estimator__model__optimizer': 'sgd', 'estimator__model__numnodes': 16, 'estimator__model__numlayer': 2, 'estimator__model__dropout_val_in': 0, 'estimator__model__dropout_val_h': 0.3, 'estimator__model__dropout': 'no', 'estimator__model__batchnorm': 'yes', 'estimator__model__activations': 'tanh'}",0.7866666666666666,0.861878453038674,0.8289473684210527,0.8258308293754645,0.030784063128336685,12
10.127940575281778,1.8475709902999855,0.1253966490427653,0.0025647516054367226,sgd,32,1,0.2,0.5,yes,no,tanh,"{'estimator__model__optimizer': 'sgd', 'estimator__model__numnodes': 32, 'estimator__model__numlayer': 1, 'estimator__model__dropout_val_in': 0.2, 'estimator__model__dropout_val_h': 0.5, 'estimator__model__dropout': 'yes', 'estimator__model__batchnorm': 'no', 'estimator__model__activations': 'tanh'}",0.7894736842105263,0.8306010928961749,0.8108108108108109,0.810295195972504,0.016794152361168296,45
8.524751822153727,2.215265567755223,0.129626194636027,0.009225195288893583,sgd,32,1,0.2,0.4,no,no,tanh,"{'estimator__model__optimizer': 'sgd', 'estimator__model__numnodes': 32, 'estimator__model__numlayer': 1, 'estimator__model__dropout_val_in': 0.2, 'estimator__model__dropout_val_h': 0.4, 'estimator__model__dropout': 'no', 'estimator__model__batchnorm': 'no', 'estimator__model__activations': 'tanh'}",0.7515923566878981,0.8241758241758241,0.8181818181818182,0.7979833330151802,0.03289451869651311,77
5.7869696617126465,0.5503243286027814,0.1533376375834147,0.00790136413335567,sgd,16,1,0.2,0.3,no,yes,tanh,"{'estimator__model__optimizer': 'sgd', 'estimator__model__numnodes': 16, 'estimator__model__numlayer': 1, 'estimator__model__dropout_val_in': 0.2, 'estimator__model__dropout_val_h': 0.3, 'estimator__model__dropout': 'no', 'estimator__model__batchnorm': 'yes', 'estimator__model__activations': 'tanh'}",0.7612903225806451,0.8494623655913979,0.8211920529801324,0.8106482470507252,0.03676008863591293,42
7.437026898066203,0.16052184500351707,0.2150720755259196,0.0039015373635997255,adam,64,3,0.0,0.5,no,yes,relu,"{'estimator__model__optimizer': 'adam', 'estimator__model__numnodes': 64, 'estimator__model__numlayer': 3, 'estimator__model__dropout_val_in': 0, 'estimator__model__dropout_val_h': 0.5, 'estimator__model__dropout': 'no', 'estimator__model__batchnorm': 'yes', 'estimator__model__activations': 'relu'}",0.76,0.7320261437908496,0.688,0.7266753812636164,0.029636385235237827,99
8.596129735310873,1.8468427651783152,0.5019015471140543,0.48658299612385325,sgd,32,1,0.2,0.5,yes,yes,relu,"{'estimator__model__optimizer': 'sgd', 'estimator__model__numnodes': 32, 'estimator__model__numlayer': 1, 'estimator__model__dropout_val_in': 0.2, 'estimator__model__dropout_val_h': 0.5, 'estimator__model__dropout': 'yes', 'estimator__model__batchnorm': 'yes', 'estimator__model__activations': 'relu'}",0.8,0.8852459016393442,0.7870967741935484,0.8241142252776309,0.04354640972684979,15
9.019213676452637,0.3919250574459608,0.23476600646972656,0.021812597123843615,sgd,32,3,0.0,0.3,yes,yes,relu,"{'estimator__model__optimizer': 'sgd', 'estimator__model__numnodes': 32, 'estimator__model__numlayer': 3, 'estimator__model__dropout_val_in': 0, 'estimator__model__dropout_val_h': 0.3, 'estimator__model__dropout': 'yes', 'estimator__model__batchnorm': 'yes', 'estimator__model__activations': 'relu'}",0.7885714285714286,0.8723404255319149,0.8026315789473685,0.8211811443502374,0.03662763979490511,22
5.2575450738271075,0.4891854862386844,0.15836803118387857,0.012377786110791104,adam,16,3,0.0,0.4,no,no,tanh,"{'estimator__model__optimizer': 'adam', 'estimator__model__numnodes': 16, 'estimator__model__numlayer': 3, 'estimator__model__dropout_val_in': 0, 'estimator__model__dropout_val_h': 0.4, 'estimator__model__dropout': 'no', 'estimator__model__batchnorm': 'no', 'estimator__model__activations': 'tanh'}",0.8108108108108109,0.8465608465608465,0.8129032258064516,0.8234249610593697,0.016381828318426103,16
4.838939189910889,0.6037261138431822,0.1418925921122233,0.004550052732715903,adam,32,2,0.2,0.4,no,no,tanh,"{'estimator__model__optimizer': 'adam', 'estimator__model__numnodes': 32, 'estimator__model__numlayer': 2, 'estimator__model__dropout_val_in': 0.2, 'estimator__model__dropout_val_h': 0.4, 'estimator__model__dropout': 'no', 'estimator__model__batchnorm': 'no', 'estimator__model__activations': 'tanh'}",0.7785234899328859,0.8248587570621468,0.8051948051948052,0.8028590173966127,0.018988262575665556,69
7.7048085530598955,2.604285418911211,0.13338788350423178,0.004802942658012474,sgd,32,2,0.0,0.4,no,no,tanh,"{'estimator__model__optimizer': 'sgd', 'estimator__model__numnodes': 32, 'estimator__model__numlayer': 2, 'estimator__model__dropout_val_in': 0, 'estimator__model__dropout_val_h': 0.4, 'estimator__model__dropout': 'no', 'estimator__model__batchnorm': 'no', 'estimator__model__activations': 'tanh'}",0.7870967741935484,0.8248587570621468,0.8,0.8039851770852318,0.015671695607954544,64
5.043477296829224,0.5058188527379618,0.1317596435546875,0.001175912675237589,adam,16,2,0.0,0.3,no,no,tanh,"{'estimator__model__optimizer': 'adam', 'estimator__model__numnodes': 16, 'estimator__model__numlayer': 2, 'estimator__model__dropout_val_in': 0, 'estimator__model__dropout_val_h': 0.3, 'estimator__model__dropout': 'no', 'estimator__model__batchnorm': 'no', 'estimator__model__activations': 'tanh'}",0.7785234899328859,0.850828729281768,0.8289473684210527,0.8194331958785689,0.030275419278141546,25
7.191442807515462,0.4892862576828054,0.17372687657674155,0.007641850159528625,adam,64,1,0.0,0.4,yes,yes,relu,"{'estimator__model__optimizer': 'adam', 'estimator__model__numnodes': 64, 'estimator__model__numlayer': 1, 'estimator__model__dropout_val_in': 0, 'estimator__model__dropout_val_h': 0.4, 'estimator__model__dropout': 'yes', 'estimator__model__batchnorm': 'yes', 'estimator__model__activations': 'relu'}",0.7785234899328859,0.8670520231213873,0.8108108108108109,0.8187954412883615,0.036579967559892394,27
11.36538322766622,1.1694411187633305,0.1437065601348877,0.008884603422799417,sgd,32,2,0.2,0.5,no,no,relu,"{'estimator__model__optimizer': 'sgd', 'estimator__model__numnodes': 32, 'estimator__model__numlayer': 2, 'estimator__model__dropout_val_in': 0.2, 'estimator__model__dropout_val_h': 0.5, 'estimator__model__dropout': 'no', 'estimator__model__batchnorm': 'no', 'estimator__model__activations': 'relu'}",0.7612903225806451,0.861878453038674,0.8,0.8077229252064398,0.041426446283894205,55
6.437388976414998,0.7027545220188203,0.16307894388834634,0.008288483458361192,sgd,64,1,0.0,0.4,no,yes,tanh,"{'estimator__model__optimizer': 'sgd', 'estimator__model__numnodes': 64, 'estimator__model__numlayer': 1, 'estimator__model__dropout_val_in': 0, 'estimator__model__dropout_val_h': 0.4, 'estimator__model__dropout': 'no', 'estimator__model__batchnorm': 'yes', 'estimator__model__activations': 'tanh'}",0.7947019867549668,0.8681318681318682,0.8289473684210527,0.8305937411026293,0.030000219743766668,4
9.157220602035522,0.6098776999484729,0.22407682736714682,0.010772719716031783,adam,64,3,0.2,0.3,yes,yes,relu,"{'estimator__model__optimizer': 'adam', 'estimator__model__numnodes': 64, 'estimator__model__numlayer': 3, 'estimator__model__dropout_val_in': 0.2, 'estimator__model__dropout_val_h': 0.3, 'estimator__model__dropout': 'yes', 'estimator__model__batchnorm': 'yes', 'estimator__model__activations': 'relu'}",0.7810650887573964,0.865979381443299,0.8,0.8156814900668984,0.036396347102655394,34
7.159995635350545,0.6585328001347589,0.16397651036580405,0.027810252498979136,sgd,64,1,0.0,0.3,no,yes,relu,"{'estimator__model__optimizer': 'sgd', 'estimator__model__numnodes': 64, 'estimator__model__numlayer': 1, 'estimator__model__dropout_val_in': 0, 'estimator__model__dropout_val_h': 0.3, 'estimator__model__dropout': 'no', 'estimator__model__batchnorm': 'yes', 'estimator__model__activations': 'relu'}",0.7712418300653595,0.861878453038674,0.8,0.811040094368011,0.03781676981395631,41
5.403383493423462,0.6085088904279,0.13637892405192056,0.005966070578869752,adam,64,1,0.0,0.5,yes,no,tanh,"{'estimator__model__optimizer': 'adam', 'estimator__model__numnodes': 64, 'estimator__model__numlayer': 1, 'estimator__model__dropout_val_in': 0, 'estimator__model__dropout_val_h': 0.5, 'estimator__model__dropout': 'yes', 'estimator__model__batchnorm': 'no', 'estimator__model__activations': 'tanh'}",0.7712418300653595,0.8248587570621468,0.8289473684210527,0.8083493185161864,0.02629199447306129,51
11.947974443435669,0.7109645693596235,0.13863865534464517,0.009361178235699135,sgd,64,1,0.2,0.5,yes,no,relu,"{'estimator__model__optimizer': 'sgd', 'estimator__model__numnodes': 64, 'estimator__model__numlayer': 1, 'estimator__model__dropout_val_in': 0.2, 'estimator__model__dropout_val_h': 0.5, 'estimator__model__dropout': 'yes', 'estimator__model__batchnorm': 'no', 'estimator__model__activations': 'relu'}",0.7814569536423841,0.8539325842696629,0.7671232876712328,0.8008376085277599,0.037997112450097945,73
8.577229817708334,1.379136248975103,0.1469898223876953,0.0018811746939794696,sgd,32,1,0.2,0.3,yes,yes,relu,"{'estimator__model__optimizer': 'sgd', 'estimator__model__numnodes': 32, 'estimator__model__numlayer': 1, 'estimator__model__dropout_val_in': 0.2, 'estimator__model__dropout_val_h': 0.3, 'estimator__model__dropout': 'yes', 'estimator__model__batchnorm': 'yes', 'estimator__model__activations': 'relu'}",0.7894736842105263,0.8950276243093923,0.8,0.828167102839973,0.04747243290863272,6
6.988986492156982,0.6854034912866697,0.1836122671763102,0.0029060287951336605,adam,16,2,0.0,0.3,yes,yes,tanh,"{'estimator__model__optimizer': 'adam', 'estimator__model__numnodes': 16, 'estimator__model__numlayer': 2, 'estimator__model__dropout_val_in': 0, 'estimator__model__dropout_val_h': 0.3, 'estimator__model__dropout': 'yes', 'estimator__model__batchnorm': 'yes', 'estimator__model__activations': 'tanh'}",0.7972972972972973,0.8379888268156425,0.8289473684210527,0.8214111641779974,0.017446029623391337,19
8.636703888575235,3.348822188861953,0.19795568784077963,0.01626832055841714,sgd,16,2,0.2,0.4,yes,yes,tanh,"{'estimator__model__optimizer': 'sgd', 'estimator__model__numnodes': 16, 'estimator__model__numlayer': 2, 'estimator__model__dropout_val_in': 0.2, 'estimator__model__dropout_val_h': 0.4, 'estimator__model__dropout': 'yes', 'estimator__model__batchnorm': 'yes', 'estimator__model__activations': 'tanh'}",0.7924528301886793,0.8135593220338984,0.8181818181818182,0.8080646568014652,0.011199366508874611,54
10.201465765635172,1.4858036252907614,0.13134113947550455,0.007162251939352518,sgd,32,1,0.0,0.3,no,no,relu,"{'estimator__model__optimizer': 'sgd', 'estimator__model__numnodes': 32, 'estimator__model__numlayer': 1, 'estimator__model__dropout_val_in': 0, 'estimator__model__dropout_val_h': 0.3, 'estimator__model__dropout': 'no', 'estimator__model__batchnorm': 'no', 'estimator__model__activations': 'relu'}",0.7564102564102564,0.8379888268156425,0.8051948051948052,0.799864629473568,0.033516899889071715,74
13.238904317220053,1.1047629032106503,0.14019314448038736,0.008871779215034944,sgd,64,2,0.0,0.5,yes,no,relu,"{'estimator__model__optimizer': 'sgd', 'estimator__model__numnodes': 64, 'estimator__model__numlayer': 2, 'estimator__model__dropout_val_in': 0, 'estimator__model__dropout_val_h': 0.5, 'estimator__model__dropout': 'yes', 'estimator__model__batchnorm': 'no', 'estimator__model__activations': 'relu'}",0.7947019867549668,0.8491620111731844,0.7808219178082192,0.8082286385787901,0.029493726140262952,53
8.968290090560913,4.062208265294198,0.16157976786295572,0.006097395460192554,adam,16,3,0.2,0.3,yes,no,tanh,"{'estimator__model__optimizer': 'adam', 'estimator__model__numnodes': 16, 'estimator__model__numlayer': 3, 'estimator__model__dropout_val_in': 0.2, 'estimator__model__dropout_val_h': 0.3, 'estimator__model__dropout': 'yes', 'estimator__model__batchnorm': 'no', 'estimator__model__activations': 'tanh'}",0.7894736842105263,0.8092485549132948,0.8050314465408805,0.8012512285549006,0.008504074076345132,72
6.180250247319539,0.508345347030782,0.149641752243042,0.0029117723631053474,adam,64,1,0.2,0.3,no,yes,tanh,"{'estimator__model__optimizer': 'adam', 'estimator__model__numnodes': 64, 'estimator__model__numlayer': 1, 'estimator__model__dropout_val_in': 0.2, 'estimator__model__dropout_val_h': 0.3, 'estimator__model__dropout': 'no', 'estimator__model__batchnorm': 'yes', 'estimator__model__activations': 'tanh'}",0.6976744186046512,0.8242424242424242,0.8027210884353742,0.7748793104274831,0.055294595665769164,92
6.238840421040853,0.7643393220114836,0.14297890663146973,0.0021493368215698997,adam,64,1,0.0,0.5,yes,no,relu,"{'estimator__model__optimizer': 'adam', 'estimator__model__numnodes': 64, 'estimator__model__numlayer': 1, 'estimator__model__dropout_val_in': 0, 'estimator__model__dropout_val_h': 0.5, 'estimator__model__dropout': 'yes', 'estimator__model__batchnorm': 'no', 'estimator__model__activations': 'relu'}",0.7733333333333333,0.8228571428571428,0.8108108108108109,0.8023337623337623,0.02108786682114172,70
6.256622076034546,1.0590033154330094,0.2304843266805013,0.041488136067878795,adam,32,2,0.2,0.5,no,yes,tanh,"{'estimator__model__optimizer': 'adam', 'estimator__model__numnodes': 32, 'estimator__model__numlayer': 2, 'estimator__model__dropout_val_in': 0.2, 'estimator__model__dropout_val_h': 0.5, 'estimator__model__dropout': 'no', 'estimator__model__batchnorm': 'yes', 'estimator__model__activations': 'tanh'}",0.7412587412587412,0.8023952095808383,0.8104575163398693,0.7847038223931495,0.030896132483432006,87
9.70129164059957,2.0289686388151,0.1504352887471517,0.005906031119390144,sgd,16,2,0.0,0.5,no,no,tanh,"{'estimator__model__optimizer': 'sgd', 'estimator__model__numnodes': 16, 'estimator__model__numlayer': 2, 'estimator__model__dropout_val_in': 0, 'estimator__model__dropout_val_h': 0.5, 'estimator__model__dropout': 'no', 'estimator__model__batchnorm': 'no', 'estimator__model__activations': 'tanh'}",0.7682119205298014,0.8586956521739131,0.8366013071895425,0.8211696266310856,0.03851777941595801,23
9.72302015622457,2.527140033830981,0.14486543337504068,0.011229859245823296,sgd,64,1,0.0,0.4,yes,no,tanh,"{'estimator__model__optimizer': 'sgd', 'estimator__model__numnodes': 64, 'estimator__model__numlayer': 1, 'estimator__model__dropout_val_in': 0, 'estimator__model__dropout_val_h': 0.4, 'estimator__model__dropout': 'yes', 'estimator__model__batchnorm': 'no', 'estimator__model__activations': 'tanh'}",0.7741935483870968,0.8522727272727273,0.8266666666666667,0.8177109807754969,0.03249864383016155,29
14.428647836049398,6.940267416210017,0.3923344612121582,0.11134438832809403,adam,32,1,0.0,0.5,no,yes,tanh,"{'estimator__model__optimizer': 'adam', 'estimator__model__numnodes': 32, 'estimator__model__numlayer': 1, 'estimator__model__dropout_val_in': 0, 'estimator__model__dropout_val_h': 0.5, 'estimator__model__dropout': 'no', 'estimator__model__batchnorm': 'yes', 'estimator__model__activations': 'tanh'}",0.7945205479452054,0.8670520231213873,0.8211920529801324,0.827588208015575,0.0299542631605401,7
9.22581418355306,1.5208738040462504,0.1726499398549398,0.006488416854090014,sgd,64,3,0.0,0.4,yes,no,tanh,"{'estimator__model__optimizer': 'sgd', 'estimator__model__numnodes': 64, 'estimator__model__numlayer': 3, 'estimator__model__dropout_val_in': 0, 'estimator__model__dropout_val_h': 0.4, 'estimator__model__dropout': 'yes', 'estimator__model__batchnorm': 'no', 'estimator__model__activations': 'tanh'}",0.7450980392156863,0.7931034482758621,0.8133333333333334,0.7838449402749607,0.028615890907355633,90
5.571471134821574,0.3756978099775007,0.18979493776957193,0.025013080242032464,adam,64,3,0.0,0.5,no,no,relu,"{'estimator__model__optimizer': 'adam', 'estimator__model__numnodes': 64, 'estimator__model__numlayer': 3, 'estimator__model__dropout_val_in': 0, 'estimator__model__dropout_val_h': 0.5, 'estimator__model__dropout': 'no', 'estimator__model__batchnorm': 'no', 'estimator__model__activations': 'relu'}",0.738255033557047,0.7719298245614035,0.8026315789473685,0.770938812355273,0.02629095507321297,94
10.56377379099528,2.2831458338158748,0.13294665018717447,0.0056766688787814705,sgd,16,1,0.0,0.5,no,no,tanh,"{'estimator__model__optimizer': 'sgd', 'estimator__model__numnodes': 16, 'estimator__model__numlayer': 1, 'estimator__model__dropout_val_in': 0, 'estimator__model__dropout_val_h': 0.5, 'estimator__model__dropout': 'no', 'estimator__model__batchnorm': 'no', 'estimator__model__activations': 'tanh'}",0.7682119205298014,0.8415300546448088,0.8133333333333334,0.8076917695026479,0.03019666239137838,56
11.47196650505066,1.8283266347138258,0.14604711532592773,0.008518334839370954,sgd,16,2,0.0,0.3,no,no,relu,"{'estimator__model__optimizer': 'sgd', 'estimator__model__numnodes': 16, 'estimator__model__numlayer': 2, 'estimator__model__dropout_val_in': 0, 'estimator__model__dropout_val_h': 0.3, 'estimator__model__dropout': 'no', 'estimator__model__batchnorm': 'no', 'estimator__model__activations': 'relu'}",0.7814569536423841,0.8333333333333334,0.8157894736842105,0.8101932535533094,0.021544960002670557,46
4.788411935170491,0.26467150897916236,0.1443023681640625,0.012562769122456702,adam,64,2,0.2,0.3,no,no,tanh,"{'estimator__model__optimizer': 'adam', 'estimator__model__numnodes': 64, 'estimator__model__numlayer': 2, 'estimator__model__dropout_val_in': 0.2, 'estimator__model__dropout_val_h': 0.3, 'estimator__model__dropout': 'no', 'estimator__model__batchnorm': 'no', 'estimator__model__activations': 'tanh'}",0.7662337662337663,0.8633879781420765,0.8,0.8098739147919476,0.04027286818583276,47
10.711629152297974,2.0639615362799955,0.14467446009318033,0.01387141825502538,sgd,16,1,0.0,0.3,yes,no,tanh,"{'estimator__model__optimizer': 'sgd', 'estimator__model__numnodes': 16, 'estimator__model__numlayer': 1, 'estimator__model__dropout_val_in': 0, 'estimator__model__dropout_val_h': 0.3, 'estimator__model__dropout': 'yes', 'estimator__model__batchnorm': 'no', 'estimator__model__activations': 'tanh'}",0.7763157894736842,0.8494623655913979,0.8187919463087249,0.8148567004579356,0.029991332296356737,35
8.256003697713217,0.7059102116967976,0.22975579897562662,0.02925851252398392,sgd,64,2,0.2,0.4,no,yes,relu,"{'estimator__model__optimizer': 'sgd', 'estimator__model__numnodes': 64, 'estimator__model__numlayer': 2, 'estimator__model__dropout_val_in': 0.2, 'estimator__model__dropout_val_h': 0.4, 'estimator__model__dropout': 'no', 'estimator__model__batchnorm': 'yes', 'estimator__model__activations': 'relu'}",0.7810650887573964,0.8307692307692308,0.8,0.8039447731755424,0.020482453626425534,65
6.461359024047852,0.5716568278913516,0.21752444903055826,0.008436315900921053,adam,64,3,0.0,0.3,no,yes,tanh,"{'estimator__model__optimizer': 'adam', 'estimator__model__numnodes': 64, 'estimator__model__numlayer': 3, 'estimator__model__dropout_val_in': 0, 'estimator__model__dropout_val_h': 0.3, 'estimator__model__dropout': 'no', 'estimator__model__batchnorm': 'yes', 'estimator__model__activations': 'tanh'}",0.5546218487394958,0.782051282051282,0.7724137931034483,0.7030289746314088,0.10501341679337443,100
7.687478144963582,0.9395404335998245,0.14815068244934082,0.0029689486392618404,adam,32,1,0.2,0.4,yes,yes,relu,"{'estimator__model__optimizer': 'adam', 'estimator__model__numnodes': 32, 'estimator__model__numlayer': 1, 'estimator__model__dropout_val_in': 0.2, 'estimator__model__dropout_val_h': 0.4, 'estimator__model__dropout': 'yes', 'estimator__model__batchnorm': 'yes', 'estimator__model__activations': 'relu'}",0.8026315789473685,0.8735632183908046,0.8053691275167785,0.8271879749516504,0.03281128815995164,8
5.868735710779826,0.7540866710968802,0.1917410691579183,0.011328892625812215,adam,32,2,0.2,0.4,no,yes,tanh,"{'estimator__model__optimizer': 'adam', 'estimator__model__numnodes': 32, 'estimator__model__numlayer': 2, 'estimator__model__dropout_val_in': 0.2, 'estimator__model__dropout_val_h': 0.4, 'estimator__model__dropout': 'no', 'estimator__model__batchnorm': 'yes', 'estimator__model__activations': 'tanh'}",0.7412587412587412,0.8023952095808383,0.8104575163398693,0.7847038223931495,0.030896132483432006,87
11.73318886756897,0.6159581872590588,0.12988670667012533,0.006832568412332134,sgd,64,1,0.2,0.4,yes,no,relu,"{'estimator__model__optimizer': 'sgd', 'estimator__model__numnodes': 64, 'estimator__model__numlayer': 1, 'estimator__model__dropout_val_in': 0.2, 'estimator__model__dropout_val_h': 0.4, 'estimator__model__dropout': 'yes', 'estimator__model__batchnorm': 'no', 'estimator__model__activations': 'relu'}",0.7894736842105263,0.8539325842696629,0.7671232876712328,0.8035098520504741,0.03680329695106076,67
5.807211796442668,0.423340388316729,0.1441803773244222,0.002337246749676611,sgd,16,1,0.0,0.4,no,yes,tanh,"{'estimator__model__optimizer': 'sgd', 'estimator__model__numnodes': 16, 'estimator__model__numlayer': 1, 'estimator__model__dropout_val_in': 0, 'estimator__model__dropout_val_h': 0.4, 'estimator__model__dropout': 'no', 'estimator__model__batchnorm': 'yes', 'estimator__model__activations': 'tanh'}",0.7612903225806451,0.8494623655913979,0.8211920529801324,0.8106482470507252,0.03676008863591293,42
10.28088116645813,2.1125551537456637,0.19529827435811362,0.017857819166344532,adam,16,2,0.2,0.4,yes,yes,relu,"{'estimator__model__optimizer': 'adam', 'estimator__model__numnodes': 16, 'estimator__model__numlayer': 2, 'estimator__model__dropout_val_in': 0.2, 'estimator__model__dropout_val_h': 0.4, 'estimator__model__dropout': 'yes', 'estimator__model__batchnorm': 'yes', 'estimator__model__activations': 'relu'}",0.8026315789473685,0.8098159509202454,0.8053691275167785,0.8059388857947974,0.002960548207420734,61
4.8609170118967695,0.516003123630464,0.12446045875549316,0.003387365612175246,adam,64,1,0.2,0.3,no,no,tanh,"{'estimator__model__optimizer': 'adam', 'estimator__model__numnodes': 64, 'estimator__model__numlayer': 1, 'estimator__model__dropout_val_in': 0.2, 'estimator__model__dropout_val_h': 0.3, 'estimator__model__dropout': 'no', 'estimator__model__batchnorm': 'no', 'estimator__model__activations': 'tanh'}",0.7808219178082192,0.8,0.8133333333333334,0.7980517503805175,0.013344032181628832,76
7.7662467161814375,0.9416545269580472,0.7666114171346029,0.8695226524948625,sgd,16,1,0.0,0.4,yes,yes,relu,"{'estimator__model__optimizer': 'sgd', 'estimator__model__numnodes': 16, 'estimator__model__numlayer': 1, 'estimator__model__dropout_val_in': 0, 'estimator__model__dropout_val_h': 0.4, 'estimator__model__dropout': 'yes', 'estimator__model__batchnorm': 'yes', 'estimator__model__activations': 'relu'}",0.7777777777777778,0.8143712574850299,0.7814569536423841,0.7912019963017306,0.01645185058680088,85
12.410738229751587,0.48695177779977533,0.15302395820617676,0.007784590136174853,sgd,64,3,0.2,0.3,yes,no,relu,"{'estimator__model__optimizer': 'sgd', 'estimator__model__numnodes': 64, 'estimator__model__numlayer': 3, 'estimator__model__dropout_val_in': 0.2, 'estimator__model__dropout_val_h': 0.3, 'estimator__model__dropout': 'yes', 'estimator__model__batchnorm': 'no', 'estimator__model__activations': 'relu'}",0.7777777777777778,0.8791208791208791,0.8104575163398693,0.8224520577461755,0.04223353971367796,18
7.567256768544515,0.5694342078521275,0.15808320045471191,0.01037967142182895,adam,64,1,0.2,0.3,yes,yes,relu,"{'estimator__model__optimizer': 'adam', 'estimator__model__numnodes': 64, 'estimator__model__numlayer': 1, 'estimator__model__dropout_val_in': 0.2, 'estimator__model__dropout_val_h': 0.3, 'estimator__model__dropout': 'yes', 'estimator__model__batchnorm': 'yes', 'estimator__model__activations': 'relu'}",0.8026315789473685,0.875,0.8187919463087249,0.8321411750853644,0.031015571606437062,3
8.058345715204874,0.7223282072400358,0.17082881927490234,0.013477631297113149,sgd,64,1,0.2,0.5,yes,yes,relu,"{'estimator__model__optimizer': 'sgd', 'estimator__model__numnodes': 64, 'estimator__model__numlayer': 1, 'estimator__model__dropout_val_in': 0.2, 'estimator__model__dropout_val_h': 0.5, 'estimator__model__dropout': 'yes', 'estimator__model__batchnorm': 'yes', 'estimator__model__activations': 'relu'}",0.7755102040816326,0.8620689655172413,0.7814569536423841,0.8063453744137528,0.03947725008732813,58
7.437264283498128,0.9551430678559426,0.15106733640034994,0.004080799039350743,sgd,16,1,0.0,0.5,yes,yes,relu,"{'estimator__model__optimizer': 'sgd', 'estimator__model__numnodes': 16, 'estimator__model__numlayer': 1, 'estimator__model__dropout_val_in': 0, 'estimator__model__dropout_val_h': 0.5, 'estimator__model__dropout': 'yes', 'estimator__model__batchnorm': 'yes', 'estimator__model__activations': 'relu'}",0.7832167832167832,0.8323699421965318,0.7733333333333333,0.7963066862488829,0.02581781642663194,80
8.815794706344604,1.6010954486801818,0.1514433224995931,0.00276215058061121,sgd,16,3,0.0,0.3,yes,no,tanh,"{'estimator__model__optimizer': 'sgd', 'estimator__model__numnodes': 16, 'estimator__model__numlayer': 3, 'estimator__model__dropout_val_in': 0, 'estimator__model__dropout_val_h': 0.3, 'estimator__model__dropout': 'yes', 'estimator__model__batchnorm': 'no', 'estimator__model__activations': 'tanh'}",0.7702702702702703,0.8426966292134831,0.8289473684210527,0.8139714226349354,0.03140704360048681,37
6.513794978459676,1.3718096193194247,0.15378220876057944,0.009833531508962377,adam,16,2,0.2,0.5,yes,no,tanh,"{'estimator__model__optimizer': 'adam', 'estimator__model__numnodes': 16, 'estimator__model__numlayer': 2, 'estimator__model__dropout_val_in': 0.2, 'estimator__model__dropout_val_h': 0.5, 'estimator__model__dropout': 'yes', 'estimator__model__batchnorm': 'no', 'estimator__model__activations': 'tanh'}",0.8053691275167785,0.7928994082840237,0.8266666666666667,0.808311734155823,0.013941571768017023,52
4.609687884648641,0.5046414623149644,0.14721282323201498,0.009586789270070692,adam,64,3,0.2,0.4,no,no,tanh,"{'estimator__model__optimizer': 'adam', 'estimator__model__numnodes': 64, 'estimator__model__numlayer': 3, 'estimator__model__dropout_val_in': 0.2, 'estimator__model__dropout_val_h': 0.4, 'estimator__model__dropout': 'no', 'estimator__model__batchnorm': 'no', 'estimator__model__activations': 'tanh'}",0.7643312101910829,0.7861271676300579,0.8258064516129032,0.7920882764780147,0.025448673062862123,84
11.359285990397135,2.1667077772017613,0.256777286529541,0.03892740678675458,sgd,64,3,0.2,0.4,yes,yes,relu,"{'estimator__model__optimizer': 'sgd', 'estimator__model__numnodes': 64, 'estimator__model__numlayer': 3, 'estimator__model__dropout_val_in': 0.2, 'estimator__model__dropout_val_h': 0.4, 'estimator__model__dropout': 'yes', 'estimator__model__batchnorm': 'yes', 'estimator__model__activations': 'relu'}",0.783625730994152,0.8783068783068783,0.8079470198675497,0.82329320972286,0.04014771949870432,17
11.22516417503357,2.148035869479177,0.16204301516215006,0.004663064111072748,sgd,64,3,0.2,0.5,no,no,relu,"{'estimator__model__optimizer': 'sgd', 'estimator__model__numnodes': 64, 'estimator__model__numlayer': 3, 'estimator__model__dropout_val_in': 0.2, 'estimator__model__dropout_val_h': 0.5, 'estimator__model__dropout': 'no', 'estimator__model__batchnorm': 'no', 'estimator__model__activations': 'relu'}",0.7564102564102564,0.8092485549132948,0.8235294117647058,0.7963960743627524,0.028869071640774263,78
7.163371006647746,0.8037156380289214,0.17448115348815918,0.014646508954535757,sgd,64,1,0.2,0.3,yes,yes,tanh,"{'estimator__model__optimizer': 'sgd', 'estimator__model__numnodes': 64, 'estimator__model__numlayer': 1, 'estimator__model__dropout_val_in': 0.2, 'estimator__model__dropout_val_h': 0.3, 'estimator__model__dropout': 'yes', 'estimator__model__batchnorm': 'yes', 'estimator__model__activations': 'tanh'}",0.7898089171974523,0.8586956521739131,0.8311688311688312,0.8265578001800655,0.02831126712122231,11
8.403257528940836,0.2166673453967251,0.2385702927907308,0.006090951054223237,adam,16,3,0.0,0.5,no,yes,relu,"{'estimator__model__optimizer': 'adam', 'estimator__model__numnodes': 16, 'estimator__model__numlayer': 3, 'estimator__model__dropout_val_in': 0, 'estimator__model__dropout_val_h': 0.5, 'estimator__model__dropout': 'no', 'estimator__model__batchnorm': 'yes', 'estimator__model__activations': 'relu'}",0.7431693989071039,0.7650273224043715,0.7916666666666666,0.7666211293260473,0.019830975945279272,96
5.972633123397827,0.6490513249391399,0.13682357470194498,0.004301184790241279,adam,64,1,0.2,0.4,no,no,relu,"{'estimator__model__optimizer': 'adam', 'estimator__model__numnodes': 64, 'estimator__model__numlayer': 1, 'estimator__model__dropout_val_in': 0.2, 'estimator__model__dropout_val_h': 0.4, 'estimator__model__dropout': 'no', 'estimator__model__batchnorm': 'no', 'estimator__model__activations': 'relu'}",0.7586206896551724,0.7790697674418605,0.8027210884353742,0.7801371818441357,0.018019726658541815,91
12.217859824498495,1.535557395446531,0.21216225624084473,0.014502430857599046,sgd,32,2,0.2,0.5,yes,yes,relu,"{'estimator__model__optimizer': 'sgd', 'estimator__model__numnodes': 32, 'estimator__model__numlayer': 2, 'estimator__model__dropout_val_in': 0.2, 'estimator__model__dropout_val_h': 0.5, 'estimator__model__dropout': 'yes', 'estimator__model__batchnorm': 'yes', 'estimator__model__activations': 'relu'}",0.7924528301886793,0.8756756756756757,0.7947019867549668,0.820943497539774,0.03871238534749985,24
11.359828472137451,0.6922825699370445,0.2553894519805908,0.008191530408284568,adam,32,3,0.0,0.3,yes,yes,relu,"{'estimator__model__optimizer': 'adam', 'estimator__model__numnodes': 32, 'estimator__model__numlayer': 3, 'estimator__model__dropout_val_in': 0, 'estimator__model__dropout_val_h': 0.3, 'estimator__model__dropout': 'yes', 'estimator__model__batchnorm': 'yes', 'estimator__model__activations': 'relu'}",0.7852760736196319,0.8465608465608465,0.7866666666666666,0.8061678622823817,0.028567794471465537,60
9.599471966425577,2.01377920887169,0.22379843393961588,0.023420923136480826,adam,16,2,0.2,0.3,yes,yes,tanh,"{'estimator__model__optimizer': 'adam', 'estimator__model__numnodes': 16, 'estimator__model__numlayer': 2, 'estimator__model__dropout_val_in': 0.2, 'estimator__model__dropout_val_h': 0.3, 'estimator__model__dropout': 'yes', 'estimator__model__batchnorm': 'yes', 'estimator__model__activations': 'tanh'}",0.8,0.8045977011494253,0.8333333333333334,0.8126436781609195,0.014749713835187861,39
8.814292112986246,0.21294467226686736,0.20328688621520996,0.00878844467726317,sgd,32,2,0.0,0.5,no,yes,relu,"{'estimator__model__optimizer': 'sgd', 'estimator__model__numnodes': 32, 'estimator__model__numlayer': 2, 'estimator__model__dropout_val_in': 0, 'estimator__model__dropout_val_h': 0.5, 'estimator__model__dropout': 'no', 'estimator__model__batchnorm': 'yes', 'estimator__model__activations': 'relu'}",0.7647058823529411,0.8465608465608465,0.7757575757575758,0.7956747682237878,0.03626366140892255,82
7.918656508127849,0.6369141892521571,0.16138497988382974,0.001986838502811094,sgd,32,1,0.2,0.3,no,yes,relu,"{'estimator__model__optimizer': 'sgd', 'estimator__model__numnodes': 32, 'estimator__model__numlayer': 1, 'estimator__model__dropout_val_in': 0.2, 'estimator__model__dropout_val_h': 0.3, 'estimator__model__dropout': 'no', 'estimator__model__batchnorm': 'yes', 'estimator__model__activations': 'relu'}",0.7682926829268293,0.8633879781420765,0.8181818181818182,0.816620826416908,0.03883817979331113,31
6.7153332233428955,1.0445710586123924,0.15296157201131186,0.005981420307175749,adam,16,2,0.2,0.3,yes,no,tanh,"{'estimator__model__optimizer': 'adam', 'estimator__model__numnodes': 16, 'estimator__model__numlayer': 2, 'estimator__model__dropout_val_in': 0.2, 'estimator__model__dropout_val_h': 0.3, 'estimator__model__dropout': 'yes', 'estimator__model__batchnorm': 'no', 'estimator__model__activations': 'tanh'}",0.8053691275167785,0.7928994082840237,0.8211920529801324,0.8064868629269782,0.011577433086554572,57
7.211801528930664,0.9818911650712638,0.22814297676086426,0.01704850090327899,sgd,64,2,0.0,0.4,no,yes,tanh,"{'estimator__model__optimizer': 'sgd', 'estimator__model__numnodes': 64, 'estimator__model__numlayer': 2, 'estimator__model__dropout_val_in': 0, 'estimator__model__dropout_val_h': 0.4, 'estimator__model__dropout': 'no', 'estimator__model__batchnorm': 'yes', 'estimator__model__activations': 'tanh'}",0.7712418300653595,0.8587570621468926,0.8181818181818182,0.8160602367980235,0.03575942572476241,33
5.05135448773702,0.3480424410089184,0.162704865137736,0.01488610140042729,adam,64,2,0.2,0.4,no,no,tanh,"{'estimator__model__optimizer': 'adam', 'estimator__model__numnodes': 64, 'estimator__model__numlayer': 2, 'estimator__model__dropout_val_in': 0.2, 'estimator__model__dropout_val_h': 0.4, 'estimator__model__dropout': 'no', 'estimator__model__batchnorm': 'no', 'estimator__model__activations': 'tanh'}",0.7662337662337663,0.8633879781420765,0.8,0.8098739147919476,0.04027286818583276,47
11.225306828816732,1.7547227882314955,0.17464232444763184,0.018000249626578615,sgd,64,3,0.0,0.5,no,no,relu,"{'estimator__model__optimizer': 'sgd', 'estimator__model__numnodes': 64, 'estimator__model__numlayer': 3, 'estimator__model__dropout_val_in': 0, 'estimator__model__dropout_val_h': 0.5, 'estimator__model__dropout': 'no', 'estimator__model__batchnorm': 'no', 'estimator__model__activations': 'relu'}",0.7564102564102564,0.8092485549132948,0.8235294117647058,0.7963960743627524,0.028869071640774263,78
5.413528124491374,0.6395222983980798,0.16506155331929526,0.01437013242931387,adam,64,3,0.0,0.4,no,no,relu,"{'estimator__model__optimizer': 'adam', 'estimator__model__numnodes': 64, 'estimator__model__numlayer': 3, 'estimator__model__dropout_val_in': 0, 'estimator__model__dropout_val_h': 0.4, 'estimator__model__dropout': 'no', 'estimator__model__batchnorm': 'no', 'estimator__model__activations': 'relu'}",0.738255033557047,0.7719298245614035,0.8026315789473685,0.770938812355273,0.02629095507321297,94
7.657350460688273,0.478536041153303,0.20399045944213867,0.005478118409855812,adam,16,2,0.0,0.5,yes,yes,tanh,"{'estimator__model__optimizer': 'adam', 'estimator__model__numnodes': 16, 'estimator__model__numlayer': 2, 'estimator__model__dropout_val_in': 0, 'estimator__model__dropout_val_h': 0.5, 'estimator__model__dropout': 'yes', 'estimator__model__batchnorm': 'yes', 'estimator__model__activations': 'tanh'}",0.8051948051948052,0.8432432432432433,0.8157894736842105,0.821409174040753,0.0160334376341954,20
6.687789996465047,0.5779503880073941,0.17378815015157065,0.019843252265506938,sgd,32,1,0.2,0.5,no,yes,tanh,"{'estimator__model__optimizer': 'sgd', 'estimator__model__numnodes': 32, 'estimator__model__numlayer': 1, 'estimator__model__dropout_val_in': 0.2, 'estimator__model__dropout_val_h': 0.5, 'estimator__model__dropout': 'no', 'estimator__model__batchnorm': 'yes', 'estimator__model__activations': 'tanh'}",0.8072289156626506,0.8494623655913979,0.8235294117647058,0.8267402310062515,0.017390573948213237,9
7.870401382446289,0.39960102553138405,0.16182208061218262,0.004070832985505515,sgd,16,1,0.2,0.5,no,yes,relu,"{'estimator__model__optimizer': 'sgd', 'estimator__model__numnodes': 16, 'estimator__model__numlayer': 1, 'estimator__model__dropout_val_in': 0.2, 'estimator__model__dropout_val_h': 0.5, 'estimator__model__dropout': 'no', 'estimator__model__batchnorm': 'yes', 'estimator__model__activations': 'relu'}",0.7567567567567568,0.8651685393258427,0.8051948051948052,0.8090400337591349,0.04434236489698192,49
14.398844401041666,0.635630205370563,0.25573205947875977,0.011211094368397241,sgd,16,3,0.2,0.4,yes,yes,relu,"{'estimator__model__optimizer': 'sgd', 'estimator__model__numnodes': 16, 'estimator__model__numlayer': 3, 'estimator__model__dropout_val_in': 0.2, 'estimator__model__dropout_val_h': 0.4, 'estimator__model__dropout': 'yes', 'estimator__model__batchnorm': 'yes', 'estimator__model__activations': 'relu'}",0.8258064516129032,0.8121212121212121,0.7755102040816326,0.804479289271916,0.0212324808969286,63
8.063567956288656,0.2592492088627642,0.19524908065795898,0.002453705615126362,adam,64,2,0.2,0.3,no,yes,relu,"{'estimator__model__optimizer': 'adam', 'estimator__model__numnodes': 64, 'estimator__model__numlayer': 2, 'estimator__model__dropout_val_in': 0.2, 'estimator__model__dropout_val_h': 0.3, 'estimator__model__dropout': 'no', 'estimator__model__batchnorm': 'yes', 'estimator__model__activations': 'relu'}",0.8026315789473685,0.8602150537634409,0.7866666666666666,0.8165044331258254,0.031587796941506624,32
7.298524220784505,0.44512750579605165,0.23996233940124512,0.010743755258332524,adam,32,3,0.0,0.3,yes,yes,tanh,"{'estimator__model__optimizer': 'adam', 'estimator__model__numnodes': 32, 'estimator__model__numlayer': 3, 'estimator__model__dropout_val_in': 0, 'estimator__model__dropout_val_h': 0.3, 'estimator__model__dropout': 'yes', 'estimator__model__batchnorm': 'yes', 'estimator__model__activations': 'tanh'}",0.8079470198675497,0.8663101604278075,0.8133333333333334,0.8291968378762302,0.026335047956427243,5
10.438109238942465,3.7123165624643093,0.24297801653544107,0.014669939361098045,adam,16,3,0.2,0.4,yes,yes,tanh,"{'estimator__model__optimizer': 'adam', 'estimator__model__numnodes': 16, 'estimator__model__numlayer': 3, 'estimator__model__dropout_val_in': 0.2, 'estimator__model__dropout_val_h': 0.4, 'estimator__model__dropout': 'yes', 'estimator__model__batchnorm': 'yes', 'estimator__model__activations': 'tanh'}",0.7770700636942676,0.7954545454545454,0.8148148148148148,0.7957798079878758,0.015410946457517435,81
12.948793570200602,0.5240082708479759,0.1325411001841227,0.0028113480321897218,sgd,16,1,0.2,0.5,no,no,relu,"{'estimator__model__optimizer': 'sgd', 'estimator__model__numnodes': 16, 'estimator__model__numlayer': 1, 'estimator__model__dropout_val_in': 0.2, 'estimator__model__dropout_val_h': 0.5, 'estimator__model__dropout': 'no', 'estimator__model__batchnorm': 'no', 'estimator__model__activations': 'relu'}",0.7651006711409396,0.8524590163934426,0.8211920529801324,0.8129172468381715,0.036140692059682095,38
8.10336939493815,0.3000874463635307,0.15994771321614584,0.012102746198235507,sgd,16,1,0.0,0.3,no,yes,relu,"{'estimator__model__optimizer': 'sgd', 'estimator__model__numnodes': 16, 'estimator__model__numlayer': 1, 'estimator__model__dropout_val_in': 0, 'estimator__model__dropout_val_h': 0.3, 'estimator__model__dropout': 'no', 'estimator__model__batchnorm': 'yes', 'estimator__model__activations': 'relu'}",0.7567567567567568,0.8651685393258427,0.8051948051948052,0.8090400337591349,0.04434236489698192,49
5.254128694534302,0.5137689352931185,0.13198161125183105,0.0010429303468763307,adam,32,2,0.0,0.3,no,no,relu,"{'estimator__model__optimizer': 'adam', 'estimator__model__numnodes': 32, 'estimator__model__numlayer': 2, 'estimator__model__dropout_val_in': 0, 'estimator__model__dropout_val_h': 0.3, 'estimator__model__dropout': 'no', 'estimator__model__batchnorm': 'no', 'estimator__model__activations': 'relu'}",0.7724137931034483,0.8586956521739131,0.8133333333333334,0.8148142595368982,0.03523998352231162,36
8.455097834269205,2.037147402747294,0.18964314460754395,0.007777268146223065,sgd,32,2,0.0,0.4,yes,yes,tanh,"{'estimator__model__optimizer': 'sgd', 'estimator__model__numnodes': 32, 'estimator__model__numlayer': 2, 'estimator__model__dropout_val_in': 0, 'estimator__model__dropout_val_h': 0.4, 'estimator__model__dropout': 'yes', 'estimator__model__batchnorm': 'yes', 'estimator__model__activations': 'tanh'}",0.7924528301886793,0.8342245989304813,0.8311688311688312,0.819282086762664,0.01901212219239449,26
7.463737567265828,1.3057909545305857,0.15419387817382812,0.00592201972692455,sgd,16,1,0.2,0.3,yes,yes,tanh,"{'estimator__model__optimizer': 'sgd', 'estimator__model__numnodes': 16, 'estimator__model__numlayer': 1, 'estimator__model__dropout_val_in': 0.2, 'estimator__model__dropout_val_h': 0.3, 'estimator__model__dropout': 'yes', 'estimator__model__batchnorm': 'yes', 'estimator__model__activations': 'tanh'}",0.8,0.8791208791208791,0.8211920529801324,0.8334376440336705,0.033441433914662,2
7.677276849746704,1.5233808868494179,0.18370366096496582,0.003616816430158159,sgd,16,2,0.2,0.3,no,yes,relu,"{'estimator__model__optimizer': 'sgd', 'estimator__model__numnodes': 16, 'estimator__model__numlayer': 2, 'estimator__model__dropout_val_in': 0.2, 'estimator__model__dropout_val_h': 0.3, 'estimator__model__dropout': 'no', 'estimator__model__batchnorm': 'yes', 'estimator__model__activations': 'relu'}",0.7624309392265194,0.8306010928961749,0.8051948051948052,0.7994089457724999,0.0281294577477908,75
8.630788087844849,1.0267950800558812,0.22203906377156576,0.009958792216573857,sgd,16,3,0.2,0.3,no,yes,relu,"{'estimator__model__optimizer': 'sgd', 'estimator__model__numnodes': 16, 'estimator__model__numlayer': 3, 'estimator__model__dropout_val_in': 0.2, 'estimator__model__dropout_val_h': 0.3, 'estimator__model__dropout': 'no', 'estimator__model__batchnorm': 'yes', 'estimator__model__activations': 'relu'}",0.7283950617283951,0.7333333333333333,0.76,0.7405761316872428,0.013881921739791294,98
9.581170161565145,2.6496757928141865,0.13478827476501465,0.0025566397497847767,sgd,32,2,0.0,0.5,yes,no,tanh,"{'estimator__model__optimizer': 'sgd', 'estimator__model__numnodes': 32, 'estimator__model__numlayer': 2, 'estimator__model__dropout_val_in': 0, 'estimator__model__dropout_val_h': 0.5, 'estimator__model__dropout': 'yes', 'estimator__model__batchnorm': 'no', 'estimator__model__activations': 'tanh'}",0.7875,0.8111111111111111,0.8366013071895425,0.8117374727668846,0.020050417096631228,40
7.69295334815979,0.9757343582736844,0.18622096379597983,0.027660811425825733,adam,64,1,0.2,0.4,yes,yes,tanh,"{'estimator__model__optimizer': 'adam', 'estimator__model__numnodes': 64, 'estimator__model__numlayer': 1, 'estimator__model__dropout_val_in': 0.2, 'estimator__model__dropout_val_h': 0.4, 'estimator__model__dropout': 'yes', 'estimator__model__batchnorm': 'yes', 'estimator__model__activations': 'tanh'}",0.8187919463087249,0.875,0.8133333333333334,0.8357084265473528,0.027872566227892248,1
11.296260197957357,1.5237857754237245,0.1479175885518392,0.020769745532023782,sgd,16,2,0.0,0.5,yes,no,tanh,"{'estimator__model__optimizer': 'sgd', 'estimator__model__numnodes': 16, 'estimator__model__numlayer': 2, 'estimator__model__dropout_val_in': 0, 'estimator__model__dropout_val_h': 0.5, 'estimator__model__dropout': 'yes', 'estimator__model__batchnorm': 'no', 'estimator__model__activations': 'tanh'}",0.8,0.8306010928961749,0.8211920529801324,0.8172643819587692,0.01279782979907462,30
9.692630608876547,4.749014948716785,0.1641231377919515,0.02356727716201534,adam,16,3,0.2,0.4,yes,no,tanh,"{'estimator__model__optimizer': 'adam', 'estimator__model__numnodes': 16, 'estimator__model__numlayer': 3, 'estimator__model__dropout_val_in': 0.2, 'estimator__model__dropout_val_h': 0.4, 'estimator__model__dropout': 'yes', 'estimator__model__batchnorm': 'no', 'estimator__model__activations': 'tanh'}",0.8104575163398693,0.7931034482758621,0.802547770700637,0.8020362451054561,0.007093995743746604,71
